Nickname,Defense,HP,int,MP
Bryce_White,25.630567541454962,30.047332810830707,80.19159037381546,90.73482447921762
Zachary_LightSkyBlue,14.601957127905187,24.901503466136525,23.77816199461623,33.52757623456951
Brenda_Violet,37.76811861980059,36.95875896365081,50.67292057021093,47.716955965384635
Kyle_Orange,61.73645935745667,59.69223298558676,80.0280954114335,81.59375205857665
Kevin_DarkTurquoise,57.51597484943709,50.800429010933286,43.70894316726898,46.93050394888371
Julia_DarkSlateBlue,61.54807343658495,59.246098742771224,20.056016186685625,27.35151334082789
Amber_Pink,47.185602797937584,53.741823746072384,67.16909451658778,66.98261590322744
Michael_SeaShell,64.91695847641213,61.59198627091782,41.12958297137328,56.199083097154144
Lisa_Red,84.21992902219436,92.51370403030653,62.2756024658206,64.07282547422355
John_DodgerBlue,59.3406941501874,56.35144609883509,54.64076915897081,56.90159625485507
Amber_Maroon,34.6526123793731,45.79497110242213,28.2257478050593,31.147149284240736
Lisa_RosyBrown,38.21936298917994,27.34639043858704,46.53017266696349,39.44896118117643
Melanie_Salmon,44.59594870682115,51.338538636418875,51.93950738917631,65.83589702187312
Heather_Violet,67.51847222285075,69.1645061485202,40.05391504235159,48.98972126621106
Cynthia_DarkRed,39.46824523559457,42.870520859521655,29.556387395600034,42.168587842639646
Tracy_Violet,63.15336510058091,66.61737261715543,60.67379439041342,61.54940407182996
Christine_CadetBlue,51.644864179982406,53.59707008190883,34.44229121797919,44.24460246592065
Sabrina_DarkSalmon,51.30852540032795,34.601680900057964,57.039890183698375,46.577069754829466
Albert_LightGreen,33.139076029588274,47.732821144831355,49.054549168198626,54.82867480932124
Heather_DarkGray,19.560039394237776,25.897858300641268,14.236316289708158,24.465206051214256
James_DarkGray,43.97129343845897,48.24332591377036,42.783440918611404,37.73828044191065
David_SlateGray,37.54322247873374,51.498624105128116,72.01494925383366,67.45162287152
Dawn_Magenta,68.51272667466837,67.25217997887363,22.856175186104693,21.272098800864367
Julia_Ivory,54.01186229576951,48.901937886205324,40.80714222463756,33.854251039297985
Michael_SlateBlue,66.88554332968121,73.65068207857105,51.020142149067176,66.42892784979051
Chelsey_Teal,28.61606469062988,32.6601774796749,60.112095892173386,65.81146159421145
Ryan_PeachPuff,60.06416792251493,62.46050664557821,63.94305992010137,61.53027704584925
Michelle_BlanchedAlmond,61.42865476388247,58.74121622094095,63.32906839971218,47.25846367245712
Stephanie_RoyalBlue,24.020744830360638,18.062589958666717,66.58578028643804,70.7139194957411
Kevin_RosyBrown,41.05085709871365,52.072742266093634,48.969690653773995,52.08134147796027
Eric_NavajoWhite,91.51444085966428,97.023776780271,59.51880608592313,54.576594252833914
Richard_PapayaWhip,47.66823899354482,35.212067256026046,24.91794005621333,26.99927249980774
Christian_Yellow,67.06784762006369,68.33681200979835,30.301295322190807,49.54045625261926
Adrienne_NavajoWhite,51.84716773297059,58.58195851412684,45.91739640748784,46.882810362143935
Andrew_MediumAquaMarine,52.3747703468416,50.029356099849444,46.10872530493854,53.75503974512525
Tammy_PowderBlue,58.085900858914584,72.0911124791102,48.6920136784339,58.05321290829725
Nancy_DarkSlateBlue,52.998244990553694,51.14421040414432,51.41493917322679,74.09928198411043
Laurie_MediumOrchid,66.080864174007,69.63292549352282,51.801685216633715,47.128351539177395
Tiffany_Fuchsia,52.32666445472275,60.25661727150509,45.40502615986788,44.6239609791755
Christopher_Gainsboro,60.01724798176168,61.98132324308645,25.76785780492834,25.956875980392724
Raymond_MediumSpringGreen,68.85800595321774,69.4157835907694,21.00411242775941,19.64627739174217
Johnny_LightSkyBlue,53.90749003592614,58.03360995780865,30.11445607780787,40.61592282106783
Jennifer_LawnGreen,49.38462768339267,52.54455461076711,43.68102941944223,43.84552606319637
Megan_PaleGoldenRod,76.65768334541964,89.03200701626037,48.382292445388494,41.7568808032225
Connor_MediumAquaMarine,47.729162408063004,53.664055297548394,46.66159233806773,45.51418699916088
Derek_Peru,79.29932562693855,73.55024555375722,6.209084970852645,27.145794272495294
Jason_MediumPurple,41.63301320206846,46.221475118654496,44.35773319480845,55.91698160465915
Phillip_Wheat,58.11064660450457,57.20091061922575,99.61237010232779,93.37541871596547
Lisa_DarkRed,43.197623166260726,31.56943230948293,63.5040522225189,64.43592142747637
Teresa_DarkOrchid,57.884436007778966,61.088466577400425,81.88903089614737,79.45490034954587
Jared_DodgerBlue,54.58953925260765,57.87015236854063,61.8310925919808,69.07307680018718
Robyn_LightCoral,62.57756594727651,55.35084942488167,58.53328928635413,57.616313580934815
Kaylee_Lavender,38.28103254792979,34.013079630236525,53.478355074757786,57.389917429338276
Matthew_AntiqueWhite,41.9045442798698,45.91268162978124,46.65947726180107,45.55163631144109
Nancy_Wheat,49.05125431566164,64.79675956571305,59.61394472152577,42.38398597310087
Gerald_MediumAquaMarine,87.01778209114663,73.59839328196287,53.38658787358023,68.30459212064115
David_LightCoral,75.69719927256027,79.70912200079546,32.80202666535316,41.47873209236171
Joyce_DarkGreen,45.493724858222954,45.23377895354483,39.37374836709496,55.52175902477726
Julie_Peru,51.591029448982354,51.80213461640396,69.63000883476995,71.7787588228604
John_Tan,35.821837751807344,39.16276259299226,13.477038937441082,32.52448508395396
Adam_Lavender,46.18350524409355,45.49898857921669,29.344225340507986,31.51566243478456
Alexis_Ivory,53.1590219009457,57.42753339809872,52.245908296507345,55.46785013765213
Robert_SkyBlue,65.19652037790839,71.8146151039407,47.65132456701608,52.721000424350144
Patrick_BlueViolet,32.42189992170654,38.31651765246536,10.933143905869697,16.604064378718718
Brandon_MediumSlateBlue,72.59810994053072,71.06947678422281,51.60773896694702,51.020545214880286
Nathan_Brown,38.65305176094336,45.32885762083162,22.821114756449663,29.272091533489988
Rebecca_LightCoral,79.63337887868636,78.75452540084262,77.16012901503562,78.30366431791927
Hannah_Turquoise,21.17922846460629,24.353215916956092,45.75107391938713,48.32420158976274
John_DarkSlateGray,39.24651680017009,42.29049062073691,34.39330438833952,43.39605632928281
Kevin_NavajoWhite,26.266610116923907,18.336788904942942,75.39487686867858,85.59449293074472
Beverly_SkyBlue,43.223243201149316,48.2779758207309,52.23204055967367,59.70065747315004
Cory_Cyan,60.03064942559389,65.7298390777373,39.583349156769245,55.06301275093494
Anna_MediumVioletRed,24.245975852356562,26.794229218658167,67.89773699442684,59.86343329106874
Allison_DarkSlateBlue,55.2846537090186,67.54136216003367,30.146261894313994,41.230428149512775
Cynthia_DarkBlue,40.88640998998746,37.8611953798455,32.21550577375996,54.060363365363074
Jeremy_Khaki,67.65311788829509,68.6450738039188,55.238968638829974,55.81161809423435
Lauren_Gainsboro,81.07660771868937,76.63255304819786,70.02698031065161,72.918244604393
Gregory_GhostWhite,69.07626525187158,65.17585918308306,66.39414812947926,63.31126550966564
Kaitlyn_Maroon,71.20354606372037,69.28143454150363,64.16065523479426,52.31064827447009
Bonnie_Beige,33.47756226164893,33.939394532374784,69.89054916762481,82.15865260369799
Melissa_GoldenRod,54.519708685497136,54.03318730503381,37.36214282942609,41.51978262573985
Ann_PaleGreen,41.56467416593456,46.32934321423414,78.90760088628609,73.93279101417708
Anthony_DarkKhaki,52.74215482614409,50.223564457785194,43.74230766691739,41.40758973955657
Seth_Aqua,46.56677987771057,53.37858033932602,51.04741174441092,46.683199950188275
Lauren_Coral,53.69742671280958,59.65339981895933,36.72390799092667,36.48902142202491
Christopher_LightSeaGreen,51.82039115683618,52.58910458069576,53.181516870112176,56.49791532474173
Thomas_DarkSeaGreen,70.85761937187328,70.6990158692375,76.07228573868547,76.93105053837803
Debra_DarkBlue,54.34958339843746,58.18039809291108,30.30179739512144,38.35238090401169
Ashley_Purple,72.50459106299647,68.20765893411875,60.96069702697622,47.031486270897574
Robert_SlateBlue,37.13957989506653,38.11415875141403,35.654670181685766,54.684534649902
Tanya_Cyan,41.17936852574474,32.16387313615004,33.008765754876265,30.743827963770876
Allen_IndianRed,51.05757851559197,53.82990234029505,74.2991295982077,75.4816546097762
Richard_Gainsboro,90.82987254521457,89.83700493142975,30.74747142122953,20.56429930273615
Robert_Silver,44.67833197690484,41.23800490141535,65.18178223522936,62.25175499202863
Jennifer_Silver,66.23820761124405,63.31046936819724,39.639280223052175,30.459583850380607
Richard_DarkViolet,46.91519204422941,51.20709504820083,44.39666086853833,55.01309707688347
Stephanie_DarkMagenta,76.94536546251453,67.12926310631906,27.571445848821696,46.06192946038215
Frederick_MintCream,44.37424484099771,45.867350720595326,43.605997757161745,44.13429411770796
Gina_Beige,58.954689891275244,52.363607607698405,83.81823724187278,86.55392455002746
Nicholas_White,29.97696690696455,32.86589549384508,13.891621160126927,29.476702660642736
Rodney_LemonChiffon,40.69122612882595,34.75358773128345,29.2036442121513,31.66186605866434
Mary_Plum,75.40784420104808,84.93874164349414,58.92015632455505,64.40236887962791
Elizabeth_Plum,51.4982173999598,37.65300028105828,67.43304263852755,67.86131444684399
Steven_OrangeRed,38.237255930410115,40.783869283651484,70.2541131846581,81.2744553980055
Larry_MediumOrchid,46.1826168793859,41.936783516032364,25.818076745725605,34.76633084621651
Sophia_Salmon,54.87162592959293,50.47716947191905,22.319545865768116,27.370377003308562
Jerome_IndianRed,14.59547396408169,26.440745140683042,71.29723436053686,64.29219503536024
Kevin_DarkSeaGreen,69.67016898964894,63.738191858311126,32.24958938369926,26.837680606785543
Danielle_Linen,40.08715227260064,38.00669859090278,44.31603241739159,42.82274561692155
Jeffrey_HoneyDew,39.40707352574314,42.46969990033623,33.076212344542384,30.46333583304108
Malik_DarkOrchid,94.71203588350738,79.15148290326232,15.778435672401304,33.04391544295697
Michael_GoldenRod,67.74384917538522,61.14238686699433,62.35489117260903,54.934214244316436
Evan_HoneyDew,29.858230094631104,33.11930455249297,75.48080492120445,66.07040073070179
Susan_Silver,37.754695608659866,44.42871458823736,80.3415036604506,80.79825373048438
Adam_Pink,52.82894955898074,55.74624734029818,29.936119539598202,42.76273686077119
Dean_Thistle,46.81126659921059,46.742452260534264,77.709056288338,89.3630524810318
Timothy_DeepPink,44.151339244916514,50.094786057879425,53.29704927483126,56.410460333344446
John_PeachPuff,63.20858120617158,66.42683743164666,29.21516735833583,33.439641010882454
Bryan_OldLace,40.944087760393444,48.3990188583085,73.09732316679059,55.852179372623155
Samantha_BlanchedAlmond,61.420476726176624,57.63916245100688,35.25276685835101,51.89740459229713
Donald_LightGreen,71.20365450369346,74.28727142184516,58.0645897628766,70.8510743763184
William_Aquamarine,50.1034955202662,45.99545768166654,52.975998013637245,48.91464605185331
Melvin_MediumPurple,53.22545452778019,58.662822439479946,48.3848574197148,50.723060319367015
Destiny_Indigo,49.33380769578127,52.6402897941523,51.037095398814564,48.189958533401565
Ian_LimeGreen,51.83391976571373,54.27657089858179,28.391579418703532,50.09113532417916
Jessica_SaddleBrown,52.215240805178325,59.475875348497205,23.842147756200063,21.372611929996435
Kevin_HotPink,29.18739743968423,23.690260981571367,55.00936523765671,40.4265149700253
Gregory_Crimson,58.31035652005643,57.60483560732385,38.36465067344261,55.943280307517846
John_Tomato,37.517273951312895,36.744158802563234,66.56827404647314,62.97324508691562
Julia_PapayaWhip,64.76044514378472,54.34040817688983,43.19633430974751,46.33722869036702
Tony_AntiqueWhite,74.50110005577947,74.63148222544692,67.7357253207073,73.89882851549436
Charles_SlateGray,36.33825181772406,51.07781100948932,94.59492620286663,100.0
Aaron_SpringGreen,46.36063409947953,57.29142614213424,73.80089421663881,68.33855058175983
Charles_DarkGreen,47.806231732578574,35.58175636200393,26.40072269487245,33.031585699573974
Melissa_DarkRed,58.77967065564437,62.434389194175964,72.78336183011918,72.22336910362822
Kelly_Gray,76.12059098995935,79.67635237798682,51.547485974758764,44.677357757576154
Mary_LimeGreen,43.44353471973701,53.16640114186937,65.91055722436776,62.630684672627886
Kristi_LightGray,83.00496125097726,80.11101575469787,21.40101475321129,17.36768151838158
Barry_CornflowerBlue,50.25619021151952,51.699750542479016,48.784558603208204,50.81665632990818
Lori_DarkOrchid,38.870005846568674,51.627305014169316,58.154755242625036,68.29736212962706
Norman_SeaShell,71.28378032015013,74.15273894080437,56.10351469234488,62.148377711090944
Alyssa_Tomato,78.87466471986387,72.94883238611719,60.39901842889343,56.633966443117735
Stephanie_BurlyWood,34.94558171002733,38.92873953951636,39.2783372045058,20.868130956517735
Clayton_LimeGreen,52.67183291882856,50.1447324807998,30.523073896073004,44.39341627668518
Gary_Red,65.48455543326288,64.04178028878,54.588068063660295,63.89331336505132
Suzanne_Blue,68.09784284014582,62.643156634993495,26.584698240530585,32.009244957243084
Melissa_MediumTurquoise,46.90645221893977,46.1765628093985,41.65601284557194,61.7325553498655
Kimberly_SteelBlue,56.10830767424855,65.28635776568062,49.43402299165308,45.801701229568515
Sylvia_DarkSeaGreen,48.774601301148685,50.74255565311394,36.524946717824406,22.044357254952622
Patricia_Thistle,40.37243790161501,39.788814831983736,43.22948938257088,55.95950403028082
Michele_MediumSpringGreen,73.93985059485559,74.64271194388165,47.81053477143228,50.784231748609834
Ryan_Blue,65.28089677748119,70.75118542070912,61.093153347473226,56.42003141747471
Angela_DeepPink,37.81975206420173,42.80641645672907,57.41199269762097,59.9896205503792
Haley_LightCyan,49.40412156921645,49.02315210518668,33.047797777559865,35.17745147199891
Mikayla_PaleTurquoise,61.71257243566919,69.04382448919148,29.26801322526407,32.383034166819385
Helen_SaddleBrown,48.5000009673037,51.48666100869763,53.530375556307305,49.4440281995469
Stephanie_FloralWhite,76.41169203806405,72.02214160855854,28.924835208378724,36.89593754037484
Jason_SeaGreen,65.57258230040779,68.7088254375563,49.8414484978567,36.474988336767495
Jennifer_Violet,51.80666003653499,51.518873563902886,66.93131456432761,66.01576569000174
Brianna_Lavender,69.13947400332765,73.72433153570577,61.597415428961725,58.06732762449074
Robert_MediumBlue,52.531544310537356,58.3796018520926,18.083617031447982,23.500090262113446
Rachel_AntiqueWhite,59.182390663267185,51.72938444566724,42.162935696834914,48.70513341459552
Daniel_DarkKhaki,50.37821771710713,63.88521823169506,60.15705233497966,61.42772780197945
Jennifer_OrangeRed,83.97491538628147,83.40022039307287,43.02033016532994,49.0366846532639
Terri_FireBrick,70.04955231627872,72.44340538108709,63.771543258973615,63.962148009786425
Steven_FloralWhite,43.37584951223294,53.255325891937126,60.17387980159642,52.10415715179578
Jose_MediumSlateBlue,86.18918577207768,78.80970737911859,42.26797573391876,29.242476112274073
Joseph_Snow,50.64050203982767,56.23120293140515,33.9149492970476,53.35639647088499
Chad_Tan,63.491038042201914,64.19144666416148,38.507398471461094,39.71740508683435
Jimmy_Chartreuse,44.56389042226382,45.48827218156426,72.1407146665879,66.10101393830259
Caitlin_Coral,72.13156154205657,74.07335918496601,59.228070877293774,56.99953026481768
Adam_Teal,66.51624252888429,63.39747658941109,40.45379938340411,44.90036780221513
Kathleen_Lavender,76.79942172769294,73.20426559758981,52.24521195611557,51.580800094725156
Christian_Gainsboro,31.684686038223102,32.22128669346787,96.12598995324218,81.46024016034902
Abigail_Lime,39.42452520695558,42.953781014540226,45.36692202967535,58.16023276600316
Allison_DarkTurquoise,63.909902316079254,76.54378113088971,25.21119901353397,25.961358065256057
Nicole_Orchid,50.3409864908549,58.31237228858276,53.07718156059053,55.36229900829523
Daniel_Gold,58.73754001674062,58.05562322720595,42.349013180638735,55.3063796258967
Jesse_MediumTurquoise,50.489363251061405,45.542277652434926,28.683549498164826,32.19394791646252
Lance_DodgerBlue,57.92673246180351,65.24129688249144,52.53283716635878,55.48373057963018
Sean_SlateGray,73.46500281344085,60.40184571518973,67.11890273017507,66.48803663156642
Jason_DeepSkyBlue,29.119535631596822,40.96294830424717,63.17768321692219,62.34830345111874
Howard_LawnGreen,20.53724735728937,22.40648484262647,62.39700827035307,57.22539232923715
Jeffrey_Green,53.295268273168325,57.12999407779536,62.05690550039179,69.51883158208227
Brenda_DarkBlue,15.239083722823223,12.745716590085957,36.61772627237024,52.10959998387113
Cody_LightCoral,74.7154827543127,69.65087279044364,68.52966840380145,50.72079832796534
Dana_Maroon,41.08482705840083,47.305526254854136,21.537515987111703,16.343329537917572
Brandon_Silver,42.816342103260105,46.199704404420075,43.338846211891116,53.92214098071895
Donna_Salmon,56.325663687554346,66.97394350583042,43.377149323188995,45.975537600553736
Luke_MediumSlateBlue,61.02831754237437,53.046207261849936,35.94522914170618,38.23787505190062
Jennifer_SaddleBrown,66.82892175589406,69.08373282406863,52.66796649774678,54.486942747865385
Mary_Sienna,49.22448048429579,59.51525019020737,61.87102469674064,66.10851372147796
Henry_DeepPink,43.82864087222172,43.81516808161984,80.27656815595516,80.35500878371732
Lisa_SandyBrown,68.65098003735399,58.96058383198901,41.846433895666706,52.72787554326247
Leslie_FloralWhite,8.076717433973755,9.024079844794223,42.97593719278195,59.71326930272418
Jerome_PowderBlue,66.4080697230923,53.191827794351724,56.69383023556206,52.150266175916926
John_DeepPink,69.49986282449507,68.65749454114888,77.41856356247172,96.64920585782176
Christopher_Silver,53.420028122371626,47.451621517914155,1.0,13.841700619082072
Holly_SaddleBrown,63.425095708954075,60.81657136180668,67.64466208207203,58.473594679788974
Alyssa_DarkViolet,50.72111027149526,50.58288722307491,73.54912020034926,82.2450035412922
Raymond_SlateGray,44.51791430881533,45.85829935152628,52.98711491375548,46.14594177352807
Tammy_DodgerBlue,70.09045597327545,70.53286197337155,42.80715034866992,60.597935317442584
Steven_GreenYellow,62.79029065174578,68.50127831748274,58.169339557294215,67.35018635279037
Justin_Moccasin,30.7400433127997,42.57030763358074,37.8483109593508,31.1659532261755
Andrea_GreenYellow,52.84901826614159,50.834425495631216,76.93756190803919,84.7131189076735
Jenny_RosyBrown,31.428810594999902,33.44470159256915,34.50297324601909,42.725723936796015
Olivia_Gainsboro,50.592796822826834,55.95109636752379,44.35941841951046,54.38090090702742
Danielle_LightPink,88.77258044277458,79.40323666205015,90.82383827458173,81.42891695360544
Keith_Chocolate,55.51593743066775,48.09093524086239,72.28593619827325,65.70507342468521
David_Aqua,41.9577270871742,54.25004706628118,42.538427500062745,49.202313166901924
Barbara_DarkSalmon,35.490063114651406,43.706100143802466,62.97322972469807,61.63984512636357
Nicole_Red,66.47297939468535,64.37315932324546,79.28874207616435,73.46654291283166
Abigail_PaleVioletRed,56.08904961384135,64.23032526177397,58.73766092538276,67.73541702148033
Jimmy_PaleGoldenRod,51.089906704804406,46.05285714775577,45.14126561235692,61.30201244296564
Stephanie_Peru,28.405081386896384,34.525436992232336,57.34028781464765,43.96519872806257
George_HoneyDew,58.35900677705212,61.55645545774933,55.99115733888276,56.82158950858233
Emily_PaleGoldenRod,35.15525865849078,46.10148893190535,70.8157919278788,77.89215158156843
Michelle_Indigo,48.900543140344325,47.15917197631396,58.00465884091849,59.62581726344886
Scott_LightSteelBlue,60.11760193261323,54.15376514419526,38.73965746597922,30.411672440015376
Emily_Coral,1.4453104742596181,1.0,48.297219749521204,70.19961558171988
Cody_Ivory,40.264945960975226,56.727875743144466,21.958165347651395,29.494711849762513
Mark_LightYellow,77.61826786331612,79.62747405814495,75.54440672570814,71.18001326235148
Shawn_Aquamarine,56.75891628193861,62.591269263060475,54.95643993054272,63.37547012283679
Lance_Wheat,67.41497926070225,70.57447901366912,38.22071597204541,38.50268309682957
Brad_DarkCyan,60.58457914481943,64.66873442757914,56.39510265387967,47.7501132014899
Mitchell_Azure,60.97562364165051,62.99158979556269,60.63926202469692,77.76738330770745
Lindsey_LightGoldenRodYellow,41.39616411848328,47.067929783696925,62.66523369833922,48.49015033416455
Michelle_BurlyWood,57.460462203570415,48.84516842288902,45.108049159776314,45.982389962774135
Terri_LawnGreen,57.63698840137089,63.48357246676958,36.792510629496874,35.00134077453514
Paul_LimeGreen,17.68939098322614,29.49705128802285,66.03338245593662,68.49692748157506
Jason_AliceBlue,25.381852482359868,21.591595002322656,56.02356712225984,49.85432676415365
Benjamin_LavenderBlush,47.8980823700777,53.78770958009287,64.82395833068048,76.78249130342331
Carmen_MediumSeaGreen,44.82169763082312,47.54137971294715,19.52964576373246,28.47747671552016
Katherine_OrangeRed,54.17268328839926,70.07633713774219,28.424945727276242,12.804653140038132
Lance_Gainsboro,74.39840532507385,64.24824002960662,68.28658241810342,56.907471574267994
Robin_GreenYellow,36.09291049971929,35.198693593576074,59.306554325582674,63.75440591099824
Patrick_Orange,79.15398945431525,75.80625624409195,63.49379269682325,76.28279826323136
James_MediumAquaMarine,63.8739745437173,70.79192757451503,45.16562745781269,58.92454863002315
Nicholas_CornflowerBlue,55.25151734825171,56.079275014496396,24.40498032286085,41.85960556299091
Charles_GreenYellow,52.64935000384238,49.90453331366985,87.205246062712,76.13523902716427
Erica_DeepSkyBlue,45.78623060412191,58.281152346562294,53.958377623650826,48.51199022320931
Heather_Plum,62.02142287329042,55.87568470793489,71.07445051896423,73.9764794986025
Brady_Chartreuse,57.73139361058036,55.76275933684174,61.592683637651554,62.639287977004116
Ronnie_PapayaWhip,36.303070351785536,42.26797957120661,51.91374483979157,52.05201050285625
Kristen_Purple,48.47348069793505,46.924887260592506,56.32491149165249,77.05980195580425
Joshua_ForestGreen,29.96042160006208,34.81449967738097,39.10306446384431,43.62952439348772
Latoya_SteelBlue,87.56578076734328,82.95869603018897,61.61917412901036,49.78197148822854
Kimberly_Teal,85.2381118446701,72.69772177149237,34.04350209293601,47.58716669039758
Rachel_LightCyan,64.47684286406073,55.13063167451663,55.90477992233488,55.0283550206188
Vicki_LawnGreen,30.36310029914852,26.109070280373057,59.87539961114799,53.14968337386057
Lisa_LightGray,52.06722828734467,59.830046858786844,30.923228509249714,53.64403008085474
Brian_MediumAquaMarine,44.61147723320273,39.73439706735785,63.31077582012018,67.66108040117838
Wanda_Lime,69.57319207158443,60.83763081222151,24.020761982767162,22.7805454058962
Pamela_LightPink,26.34404270698649,26.455219230445024,77.39565295821077,79.8011147064754
Christopher_Chartreuse,52.444713687035346,54.14406257902347,35.62432356952165,52.528793389534606
Robert_IndianRed,43.7600932552437,47.71431895844361,49.94969399191192,41.202252226370916
Benjamin_LimeGreen,80.3016518074242,70.3191955933557,11.785224313930193,11.336931498815192
Paul_SlateGray,38.77493792266496,40.768610008875335,68.1277334101396,56.47484520505439
Bruce_IndianRed,44.42277295906162,47.398852526045296,51.25750096743463,56.98508798664713
Brian_LightGreen,50.7463722005775,49.460286512981405,53.010488064519734,58.11219575151362
Kimberly_Wheat,51.186608281370106,51.375675779794776,56.50810887569351,51.41768337161944
Phillip_LightCyan,39.499427674050224,39.453032703966976,40.21010054268032,52.265791265864486
Jacqueline_Aqua,66.9466653598438,68.10521835487819,55.25737075025265,62.8126968836718
John_MediumSeaGreen,34.066602882562975,26.133473870569677,69.02656246308963,79.92311151426803
Brittany_BlanchedAlmond,47.81858811434682,43.318702267775485,9.235902344773455,1.0
Robert_Turquoise,69.1147399755906,71.66751747398823,18.417023980927656,35.54328465327382
Kenneth_DarkCyan,32.10442741283041,48.46873191949609,62.806516427529324,68.46014808881388
Maureen_SeaShell,56.85469839738051,64.69723986753698,52.93646703888641,51.905046902305166
William_Snow,22.29530927604885,17.427271298782365,71.98474135685153,53.768004125230426
Charles_SlateBlue,64.00611425085582,51.84331721944681,47.036369901710835,57.87187570662273
Stephen_SteelBlue,68.6385230869844,71.89222344587071,73.17475642441326,58.552927516624464
Todd_SandyBrown,80.37032020811537,75.13883637913003,47.5383983166738,54.62932671053281
Jeffrey_FloralWhite,57.2892759996122,61.473018851850185,81.11469324772814,85.37978322459338
Patrick_DarkSeaGreen,46.232588397953634,46.395251093458,80.08918667087303,68.74148246870514
Jessica_BlueViolet,50.867906550914824,51.313763560609566,66.86364846578606,54.52073724682833
Matthew_Chocolate,47.56660136833235,51.72523157470459,58.431990032562474,62.869941137255495
Amy_Sienna,57.457369234685046,59.562383106736426,45.48587154865841,52.087238908259145
Amanda_PaleTurquoise,49.04168403637008,50.07394158203634,50.94669113298883,60.13138290604608
Brian_Wheat,46.4822379696836,28.052813370053503,58.91517231016416,65.64280501668085
Charlene_Peru,82.4539344387732,70.0434698230093,58.04925539012161,67.11835233274171
Angela_Lavender,1.0,7.822892438298746,39.272620164737724,37.90729166342237
Beth_LightSkyBlue,80.71274598469509,74.23187934300346,27.936181080128126,33.61490691350202
Michael_OrangeRed,30.460526907424292,45.16371202893642,45.118498592477174,34.389465474148736
Amy_ForestGreen,65.92489376755536,67.68520244180878,91.13505294793599,82.03612310130215
Eric_GhostWhite,64.9746375808574,55.91198658601252,53.95082727603112,52.803447454021395
Sarah_DarkCyan,61.441768571649106,55.72289027783916,60.51769719285186,60.70163275273048
Samantha_Coral,56.13338174684626,44.22456999789539,45.1142384727449,57.36183489382795
James_LightSkyBlue,62.248310422402106,56.06655122636662,33.61391215244785,47.2031560004329
Rachel_Maroon,58.44637137598152,64.19806701123225,48.37405767240142,41.24792405634389
Jared_Silver,13.455319386226014,17.301326964615537,45.29196150128307,54.98183951710262
Timothy_Gainsboro,40.98940012239532,35.31410305449259,61.59706479777027,49.93944170502168
Daniel_Ivory,77.52098410576576,88.87411577710941,70.06451069476327,84.85585111902132
Nicole_Tomato,71.0745156175984,70.31208808191568,46.72794222236632,47.600767699499634
Michael_HoneyDew,32.933447300620756,38.373549153427575,38.14220389143414,38.475175613196534
Laura_PaleTurquoise,52.24670013865248,49.51872092793386,70.06993748302249,58.05888862277301
Eric_LightCyan,25.978572513583348,32.50709230908828,2.5118993884929712,1.6605629617895028
George_DarkSeaGreen,55.42400517998101,58.91107662825863,41.980927366536655,42.57872254508957
Autumn_WhiteSmoke,37.929246077625045,49.50263507503749,57.62104124478035,56.93903066746902
Debra_MediumTurquoise,44.64914119263792,50.59456881137007,42.551699432035946,48.25405265487155
Jason_Red,96.72313580037338,78.79740830286309,36.268984652489806,43.91141070058715
Larry_PowderBlue,61.48777395868135,49.98663606742339,3.1614722891054945,40.44918328304577
Amber_Aquamarine,29.498950232379233,31.24396201473455,41.66605697890128,58.914676852925844
Tanya_Cornsilk,79.40659231028859,79.56186241446193,84.68731154435808,89.07782040460131
Susan_DarkOliveGreen,36.31336788761417,54.893660312611644,53.01062453413853,61.28441319864374
Kristopher_PapayaWhip,37.633527156875076,48.68553038010999,19.32950656182198,25.0616579890278
Sean_PowderBlue,68.59737788420362,71.05413205461826,70.53663090624556,57.92792765389651
Adam_DimGray,96.4622252301831,99.2760013231016,89.55717795204515,87.69341584298662
Elizabeth_Coral,92.66144150120425,92.53522521201808,33.376576272240804,37.44529510080773
Edward_Aquamarine,59.754695455905406,65.73790485404176,57.34555263108987,50.99402110100974
Donald_DarkGoldenRod,75.19747201822098,72.31596910994267,78.64416365973447,82.35808280074745
Connor_DeepSkyBlue,38.300994093788475,35.46812504860814,78.18803032305466,74.10380395205642
Gary_Khaki,43.90377466290216,41.23465116162421,58.066616561353236,41.0695530516468
Samuel_OldLace,23.27432859242695,16.79549288121719,63.43578518730064,69.73194380814802
David_Indigo,58.24177503549064,52.7006127447242,66.04802791940341,62.905094468013836
Anthony_Chartreuse,44.9582387637169,57.90683057480591,42.98553282170147,47.33364955380583
Meghan_Salmon,68.84946206924968,71.26519818634807,46.151559312431445,44.62867804380153
Jeffery_Olive,48.035670912435684,55.53128132720397,54.182168176399784,48.68928702665869
Jacqueline_SkyBlue,58.09437831803385,49.99609741094231,60.36719808327966,63.20969804948836
Jill_IndianRed,60.60454198205293,76.46191984379728,43.79025393986733,41.96193786685328
Hayley_CornflowerBlue,21.760186555211977,24.572415825365372,31.74963861413137,39.86415734069391
Julie_Silver,51.35829127597302,53.44021291149325,58.138824186137285,60.251390631962295
Carlos_LightCoral,60.05659847190215,61.37607844526913,46.97908796578119,57.34762189771557
Heather_DodgerBlue,75.35625021290376,71.46995854769958,29.800566980687517,37.20603886294225
Barbara_ForestGreen,36.811908242020436,32.08187400600808,50.92809662935199,57.68807752860708
Lee_SeaGreen,56.24280778335165,53.96512681434627,18.07135466489047,34.02229773380114
Jeffrey_Thistle,66.25840201854943,64.18204823849732,84.6357880595542,95.19451737719433
Shannon_Gray,45.49302019432893,37.3148466801152,43.893015977699065,54.91891710535297
Gwendolyn_Olive,56.04521587612744,51.46822500208659,29.767556572621903,47.321504757059806
Jennifer_Indigo,55.71299661260066,53.54940975291165,40.16277921968952,41.13450667425203
David_DarkRed,71.02796273815441,66.99856831576433,79.49982459626385,83.6749463530375
Joel_MediumAquaMarine,40.75022043464186,39.14006817509946,40.78065920174693,61.51612466655203
Candace_RoyalBlue,45.50764700592475,57.71728567480497,43.221500518351455,49.83358269629406
Travis_Plum,67.55741528528422,68.4985877693732,72.10632075447643,72.02571150373619
Marilyn_Pink,43.29334712222152,45.80427510172877,35.238045645459536,54.76102967184956
Amanda_LightSteelBlue,47.00717183520127,51.80593573738463,53.12339142835042,64.80023141451906
Scott_Ivory,45.865171107228704,33.25536678618082,26.692937383434746,31.881945778605186
Daniel_DeepSkyBlue,63.98265285436091,51.28277700545185,35.48448370725277,42.386124347721044
Janet_Silver,73.3027602591525,65.59189999167548,16.564602065606223,7.838269824315209
Joe_SlateGray,39.73318255733715,47.70502835890018,48.35630796815104,45.058449922291786
Juan_BurlyWood,46.725128207614155,41.31073753335468,17.14651326050087,28.83130882565174
Greg_DarkOrchid,70.5266082165726,70.59219432305817,61.31391947677446,64.44446997157112
Jane_Fuchsia,62.58794245126713,59.719271012343135,32.552282788240475,45.728633181825096
Seth_LightYellow,47.40838910700016,62.461698287926694,58.694348755203904,58.228332699776026
Nicole_Pink,58.37284985485349,73.50730766689448,63.61945512211611,74.23579459048257
Samantha_White,47.0991089690011,58.08521815264894,38.78310221164535,37.64940416122221
Brandy_Khaki,22.912911093921423,27.068897716718315,42.488301614124644,27.464066341921413
Johnny_Teal,36.719780029516265,41.67130525939883,43.22017493851291,46.70930512931036
Amy_DeepPink,54.30490059116661,51.90266714266559,71.28356862575369,68.64281757380076
Bailey_BlueViolet,62.512930136958275,68.88099275521542,61.45127567033015,56.89842686720931
Felicia_DarkSalmon,53.29149086703408,51.80257980805787,56.01515831725485,69.23894415562364
Michael_DarkGreen,37.87082272389375,40.42487112804884,44.829898876359735,43.33570936101554
Michael_MediumTurquoise,58.08462261261059,71.88170015038558,77.58486117971945,83.38362956161048
Virginia_Ivory,50.43541625455423,52.125262205841516,50.29336015590269,37.74851357347391
Timothy_MediumBlue,53.35901785870815,52.99298538168715,29.695136763568,46.290338673598534
Michael_Navy,50.21825266497925,51.28782967794245,51.19068276883006,57.548683520237525
Billy_LightYellow,96.2320591243749,94.369410249134,71.9155841459609,64.52080898892603
Michael_MediumPurple,54.19183711461101,49.07989478853652,55.47925457973416,65.18560422322885
James_Plum,58.77753569670922,55.93558850087056,39.01600144372366,39.62541045764719
Brenda_GoldenRod,61.78502044554541,53.946865770795476,43.149873964021836,38.882241504499945
Curtis_DarkGoldenRod,56.93775823909204,59.644017980839436,39.043457559063725,37.01916190355562
Penny_OrangeRed,66.40025340474672,66.08071632459202,39.660105601402876,52.13438567329831
Danielle_GoldenRod,32.09562853505685,29.674864362382024,46.86711339570007,42.685831723646395
Mario_Chartreuse,78.6511433484588,79.89401833951344,52.76211497679829,49.06168916478282
Cristian_Magenta,47.414981382504884,51.23429896660339,51.87515161712186,52.7143199017581
Kimberly_Green,63.67422677268139,63.79973099456463,56.89831382209222,48.334101583376814
Andrew_Aquamarine,21.361482041747852,12.997503061078634,42.20113190537716,59.18794340755891
Jennifer_Gainsboro,63.91495183675292,54.68905926421834,44.85166805384902,55.351167405203434
Matthew_LightSlateGray,43.04515505260432,40.753370230503855,30.6067178804014,45.10375537283649
Shannon_Cornsilk,57.106989458046726,49.504827717308714,28.720591167598624,38.80863458993272
Alexis_DeepPink,60.62613857746999,61.76948827017508,62.05553722698736,64.12068300853525
Carl_SandyBrown,24.820746299482373,26.093835915940048,22.473138026880378,31.792615551488442
Christopher_Crimson,71.61763579465261,68.11554555767657,46.15968362107269,49.827862525226905
Douglas_WhiteSmoke,44.91781293146843,42.38816449233302,62.989614163739745,58.439752713458645
Suzanne_Orange,41.60392566256921,42.36170073772145,48.44528859904108,53.65756382684611
Heather_Azure,70.16698964888451,83.0659263239696,74.66945591790886,79.53695568408459
Susan_Chartreuse,61.547859709767835,60.19055201798295,49.926275042730666,50.44608387505857
Rebecca_MediumBlue,48.38487816918706,56.87298888225912,41.87073137755223,41.637668065999776
Charles_Pink,52.047511230017804,56.71605651980782,50.76912370898992,47.86399630513991
Maria_DarkKhaki,55.41966354127814,47.68057973184679,29.19502456716768,34.200303219038624
Thomas_MediumAquaMarine,50.85576798910189,53.6941319428415,53.34660248759914,50.04293979001987
Stephanie_MediumBlue,45.89571784765853,45.2466205666389,15.721767908212167,27.496610409513455
Paul_HotPink,58.649925558930555,66.02734070380745,47.31829349285466,54.16239158051711
George_MediumOrchid,84.98455806335451,75.68403693050912,37.435509566748514,46.93981257619083
Kristy_LightBlue,68.23241443820557,81.43149002338936,55.68045660304122,61.4356345515259
Bryan_Linen,61.98598041844221,51.011868885912044,32.36717601446227,53.6173638422261
Ryan_MediumTurquoise,45.21444959064665,53.537585590176114,52.34918976070323,47.513270800040324
Jacob_Fuchsia,23.14982838989997,21.566168411950024,32.94148354015361,36.40335944382131
Walter_LimeGreen,51.61452638351173,61.98663238342321,41.791277235728415,46.58675164523992
Caitlin_MediumTurquoise,70.12097511413843,72.68601721301572,35.844132641613456,40.26832716491917
Melissa_SteelBlue,85.52803619045757,83.98234008426442,57.764530031051436,53.156990481090986
Travis_LightPink,45.124938313274384,43.36767598240851,26.640967637476532,23.32979526623084
Frank_Black,42.56680631389809,45.09320583764571,78.46796160496729,77.75427373751026
Jessica_Gold,21.667791784932685,9.525484876466104,69.59089449499588,56.82134629816092
Dustin_Crimson,40.38794110257712,33.65095016767228,75.10473392349826,69.49063770244516
Catherine_DarkSeaGreen,63.88123492499111,66.43895597983355,37.7881262725534,46.61835236651134
Richard_LightCyan,48.68196802568864,57.131267509615505,72.5016674418799,75.90683070595708
Tony_PaleVioletRed,34.49025971787949,34.16031310016085,65.54475123309521,71.92511921121725
Timothy_DeepSkyBlue,84.3120853248749,83.79688768383015,40.82162099775274,34.984819149665284
Tina_HotPink,72.85335389580027,71.966551236319,61.936365070212105,61.91524224787582
Karina_LemonChiffon,61.42654010390189,62.831702251991345,30.73955057900809,56.48383001730029
Kevin_MediumOrchid,47.34172897904685,53.23358095012743,54.23755905115695,54.440887140116295
Steven_DarkCyan,62.31595759395957,65.39085259178727,25.523394076143045,43.84979576251998
Samantha_LemonChiffon,45.0290418758827,44.501127327581834,72.03773140002299,72.92627092441671
Theodore_LightSeaGreen,43.92020709693716,50.3105326444941,26.263805026389832,21.33245194730194
Christy_SteelBlue,64.34422507477566,61.78594598901387,70.9370854959887,74.72719368733799
Mark_SaddleBrown,56.187701052989325,50.93958723292747,66.75311868854027,74.50119619971065
Jennifer_Crimson,73.10123932134859,66.19161583010452,17.83477077382962,23.90606094589602
Alex_LightSteelBlue,43.198858834841786,57.91503922513804,54.56757071827016,57.194997513174734
Anthony_SpringGreen,16.607511045133556,27.355995761974672,48.60860114978183,46.18205591540489
Kathy_DarkSlateGray,52.72413857974034,50.525928900756774,70.27873923799092,65.07829627718421
Joshua_DarkSlateBlue,87.9118101807101,84.25774033201918,70.86706584712884,82.52946000611067
Jennifer_MintCream,38.4645504944402,38.321419147169486,66.10193211881698,82.03881350143973
Justin_HotPink,56.4808411079931,56.34677104905442,26.96142604740302,27.05147122843317
Mark_PapayaWhip,41.17115927160819,33.52933922870865,42.89469501715772,47.34417989875835
Catherine_Gainsboro,56.87186934654997,60.22994245398456,37.86042729557881,47.660206273655575
Phillip_SpringGreen,50.47912020552967,45.11261944295712,38.44208409260977,46.04283187830087
Ryan_Violet,49.97251756965644,47.028462948431155,12.903501885864989,25.29649448191267
Valerie_Cyan,56.266705912168526,51.31572383512278,40.9161551236018,50.327662197836084
John_DarkTurquoise,58.481849953845646,66.30645254251307,29.053833835598454,37.31972708321824
Amanda_DarkOrchid,77.21103768474778,74.14566645421723,68.99859526615592,75.8714323867833
Amy_DodgerBlue,60.321350004852015,76.05618789257679,22.53153995966779,39.76255115435769
William_LimeGreen,57.42204268628812,51.21520500296908,61.4676215219316,61.322203643477245
Katherine_MediumSpringGreen,48.97418689020013,45.0843188213704,28.689280833125004,54.56868949879266
Johnny_PaleGoldenRod,59.648031833907275,63.13682180829508,100.0,96.25107869856399
Sydney_Orchid,45.53438676166835,47.6999529940488,41.47039360065059,46.909059490319876
Christopher_LightSalmon,57.007784915879604,42.67168025639322,79.34481501162423,82.45763895886478
Joan_DarkOrange,43.16488346709585,52.04134305029567,33.34277911868302,58.96854160095288
Chelsey_Moccasin,68.10237386757701,65.01544784830325,51.09499421270525,54.19108497210846
Elizabeth_DimGray,41.88421487895569,51.558191257745,64.19922822354732,89.26499511721019
James_Wheat,50.52818282988915,52.887050162746625,39.394911790334874,53.75299654138399
Ricardo_Maroon,62.306174077495506,54.79470303019857,58.019882343526284,81.06963461899026
Stephanie_MediumOrchid,71.53519384268343,74.8881259404581,26.28757772969067,37.819667228313286
Melissa_DarkSlateBlue,64.88730438520383,72.00142745507206,32.275346057506965,40.023849125278694
Jeffrey_AliceBlue,16.146040582194104,23.830603361666622,46.29299486042602,39.01007341966102
Crystal_MediumTurquoise,39.34203385262825,50.86218829871325,52.07493329735047,39.458981852298955
Kevin_Crimson,47.4188788661722,49.467354908686104,73.99276580999528,61.1971120124454
Xavier_Lime,48.47461664530179,41.379438309994924,57.49984016959842,63.934815332950166
Christopher_LavenderBlush,47.22850777222448,49.99613542926595,47.50382441646875,52.98837510550292
Dean_DarkSlateGray,62.983263426564534,58.35735552782476,51.60858993552365,50.76874732034357
Rickey_Brown,85.90163162437786,81.44915393117809,69.16415741582034,75.18668437537325
Brittany_Coral,36.75233129486808,43.175987543389724,47.321045337590306,66.63175949651665
Alicia_AliceBlue,54.709988399417256,57.680725202611725,30.467935634037644,41.3132982578083
Donna_BurlyWood,68.23444016504418,67.2740568271544,85.44610492135772,71.29171741528583
Sandra_Ivory,60.178622729519105,55.341103751939684,42.48747211721522,63.14857726104642
Sarah_Cyan,48.4523397626674,56.33010263613756,82.22835318794992,70.01417106649475
Lindsay_LightCyan,92.67907941531045,86.65319531591369,21.794354283976663,31.9801756436849
Kara_Sienna,34.35978852249932,38.741617351761604,42.82466716398359,53.16539170045014
Joan_MediumVioletRed,39.264851846139116,40.61333060370127,46.160149827546704,58.93321055935485
Angela_GreenYellow,63.27207396748187,45.96348445377492,63.76498857122085,61.2552797422261
Robert_Chocolate,39.66066160853225,41.65871487712543,46.838020332980264,53.14377373434088
Donna_DarkOrchid,59.624507961477995,71.52157870479446,25.587740680486142,34.64851169368231
David_AliceBlue,74.15099337019673,72.74127657290624,44.76786060637255,43.63580972365032
Gina_DarkTurquoise,73.51352031514098,78.49254827510752,56.08914414283943,58.64510673335243
Carlos_Peru,83.14450253708618,80.14094346811845,49.721659658029424,61.94115209272543
Melissa_LightBlue,51.604517119998036,60.23590691611855,56.17573722555008,67.25323468516196
Shannon_SkyBlue,68.21685568853103,70.80350446505194,46.922101261102384,43.22708817380016
James_Aqua,55.93492436766679,58.46384848958289,50.85819412912938,56.60261677282418
Christina_MediumVioletRed,45.520114840888475,44.66476078794383,58.41467332481908,57.04523560358456
Theresa_Gold,67.34594731670907,59.78413966683269,44.11415527909516,42.431607982420616
Katherine_SpringGreen,57.30925676311618,56.958638119397236,31.362671354748617,30.043109728672
Lisa_Aqua,48.303282780628734,52.97181040065586,61.90379555129844,62.206934173603294
Ashley_MediumBlue,74.57831243400987,75.22742574841884,42.044143687852305,50.94880791583262
Kelly_SeaGreen,69.41707472093138,74.7334701953908,43.05329852314596,45.63557794647626
Paula_LemonChiffon,72.59222129519975,71.68035052000006,50.026837536676126,61.288977006256474
Patricia_Chartreuse,31.17036886791563,30.927847378495535,31.40778092680564,31.521815789759746
Denise_SeaShell,76.9155103595466,67.66701698289089,27.934137846131364,33.32493578734179
Susan_LightCoral,50.416061037192655,46.103039618481155,69.96959476782133,72.81334897243586
Amanda_PaleVioletRed,71.47011670748702,73.61046302916222,46.19675457826198,45.080021649433455
John_BlanchedAlmond,84.13879607936242,90.08336897857895,31.60797891955238,30.448892453279377
Dana_PaleTurquoise,48.711978754767074,57.18400520707485,32.59916769523977,37.52423426073226
David_Silver,64.05730446781234,75.23427543549217,32.84243818217046,39.365735438090226
Johnny_Cornsilk,57.5751577151645,57.68163118024479,77.25436553861815,77.84583735075297
Jessica_LavenderBlush,74.99954462368733,80.19683923342726,35.71220546237042,42.403749679438796
Angela_Purple,46.825731200767684,41.67842626271872,72.51848453548169,71.62576807333726
Anthony_Teal,52.987530912405084,46.421173065826565,61.32355673280199,46.38869888606089
Jason_SandyBrown,61.383470900777844,70.05934215528539,45.05268321057322,51.88643639481597
Laura_Wheat,32.816552395317146,31.155863934819834,23.068204453138513,40.27887058380362
Brian_DarkOrchid,75.52076779648513,78.83383375088277,29.32199109952055,46.20668358509194
Tara_LightSkyBlue,52.270773417661346,44.63326889245856,9.5799084029713,23.706686965050668
Adrienne_Navy,42.47649221890395,43.539483775705314,52.92522832155981,54.890295415117194
Jennifer_LightSteelBlue,64.09447030304304,70.76976162025176,38.05890918129167,44.34074214089921
Larry_DodgerBlue,57.606402760024885,60.29209719057804,58.96476868457911,70.94902142486423
Steve_Violet,55.14673537704153,56.19326710637028,60.04806588971031,57.58418116008894
Cory_DeepSkyBlue,61.07179294308745,61.29985460106378,35.364576258868304,25.061393828943036
Lisa_BurlyWood,56.09323123479657,55.14714365130575,43.637667664228275,39.07898629056803
Tara_Plum,49.325217061117854,59.66034614471843,73.43332254867607,81.68323016906282
Daniel_Thistle,36.03652546183396,44.72822550809094,45.33621605745338,39.990153504924315
Kathleen_SeaShell,44.33367243575673,39.7688631069571,33.50909127749666,58.09314337437471
Joseph_Beige,29.0266602708449,34.79300505906478,44.74715079859371,55.1215533158721
Lisa_Plum,49.469699161787254,47.14907111889367,48.20027014664768,45.11790392279305
Colleen_SaddleBrown,39.08512995320404,36.95690619289482,29.342582842119374,38.060708449640835
William_SteelBlue,40.233378735165616,45.425782511721955,36.04958033513415,45.27195552411109
Brandy_LightCyan,61.50815988792373,70.09902353995662,18.293898137709625,34.28979616194418
Rebecca_IndianRed,60.05190077588289,67.8471252038818,59.29766741530717,72.53066639277573
Tyler_Gray,23.907222447117373,28.949130350894222,28.806868108207194,37.68239076136225
Jeffrey_DimGray,100.0,100.0,55.59855173958246,53.09455573234925
John_MediumSpringGreen,38.4379862944768,50.81960240243564,54.63964004857712,64.86326625445824
Donald_LawnGreen,47.39236189529057,53.366614676081426,47.43513129920004,37.15040685286933
Bethany_DarkSeaGreen,59.112459157155065,69.81235706569547,59.93663275044534,72.3040638693325
Stephen_DarkSlateBlue,47.564891357368026,51.952628645684925,34.6818429145803,27.290158258811054
